{
    "accuracy": 0.9397677793904209,
    "precision": 0.9617898441427853,
    "recall": 0.9170661553211888,
    "f1_score": 0.9388957055214724,
    "sensitivity": 0.9170661553211888,
    "specificity": 0.962890625
}