{
    "accuracy": 0.9150943396226415,
    "precision": 0.9154692983771785,
    "recall": 0.9150943396226415,
    "f1_score": 0.914802336028751
}